CREATE DATABASE LAB_2;
CREATE TABLE DEPOSIT(
ACTNO INT,
CNAME VARCHAR(50),
BNAME VARCHAR(50),
AMOUNT DECIMAL(8,2),
ADATE DATETIME );

CREATE TABLE BRANCH(
BNAME VARCHAR(50),
CITY VARCHAR(50));

CREATE TABLE CUSTOMERS(
CNAME VARCHAR(50),
CITY VARCHAR(50));

CREATE TABLE BORROW(
LOANNO INT,
CNAME VARCHAR(50),
BNAME VARCHAR(50),
AMOUNT DECIMAL(8,2));
----------------------------------------------------------------------------------
INSERT INTO DEPOSIT VALUES(101,'ANIL','VRCE',1000.00,1-3-95)
INSERT INTO DEPOSIT VALUES(102,'SUNIL','AJNI',5000.00,4-1-36)
INSERT INTO DEPOSIT VALUES(103,'MEHUL','KAROLBAGH',3500.00,17-11-95)
INSERT INTO DEPOSIT VALUES(104,'MADHURI','CHANDI',1200.00,17-12-95)
INSERT INTO DEPOSIT VALUES(105,'PRAMOD','M.G.ROAD',3000.00,27-3-96)
INSERT INTO DEPOSIT VALUES(106,'SANDIP','ANDHERI',2000.00,31-3-96)
INSERT INTO DEPOSIT VALUES(107,'SHIVANI','VIRAR',1000.00,5-9-95)
INSERT INTO DEPOSIT VALUES(108,'KRANTI','NEHRU PLACE',5000.00,2-7-95)
INSERT INTO DEPOSIT VALUES(109,'MINU','POWAI',7000.00,10-8-95)
---------------------------------------------------------------------------------------
INSERT INTO BRANCH VALUES('VRCE','NAGPUR')
INSERT INTO BRANCH VALUES('AJNI','NAGPUR')
INSERT INTO BRANCH VALUES('KAROLBAGH','DELHI')
INSERT INTO BRANCH VALUES('CHANDI','DELHI')
INSERT INTO BRANCH VALUES('DHARANPETH','NAGPUR')
INSERT INTO BRANCH VALUES('M.G.ROAD','BANGLORE')
INSERT INTO BRANCH VALUES('ANDHERI','BOMBAY')
INSERT INTO BRANCH VALUES('VIRAR','BOMBAY')
INSERT INTO BRANCH VALUES('NEHRU PLACE','DELHI')
INSERT INTO BRANCH VALUES('POWAI','BOMBAY')
--------------------------------------------------------------------------
INSERT INTO CUSTOMERS VALUES('ANIL','CALCUTTA')
INSERT INTO CUSTOMERS VALUES('SUNIL','DELHI')
INSERT INTO CUSTOMERS VALUES('MEHUL','BARODA')
INSERT INTO CUSTOMERS VALUES('MANDAR','PATNA')
INSERT INTO CUSTOMERS VALUES('MADHURI','NAGPUR')
INSERT INTO CUSTOMERS VALUES('PRAMOD','NAGPUR')
INSERT INTO CUSTOMERS VALUES('SANDIP','SURAT')
INSERT INTO CUSTOMERS VALUES('SHIVANI','BOMBAY')
INSERT INTO CUSTOMERS VALUES('KRANTI','BOMBAY')
INSERT INTO CUSTOMERS VALUES('NAREN','BOMBAY')
--------------------------------------------------------------------------------
INSERT INTO BORROW VALUES(201,'ANIL','VRCE',1000.00)
INSERT INTO BORROW VALUES(206,'MEHUL','AJNI',5000.00)
INSERT INTO BORROW VALUES(311,'SUNIL','DHARAMPETH',3000.00)
INSERT INTO BORROW VALUES(321,'MADHURI','ANDHERI',2000.00)
INSERT INTO BORROW VALUES(375,'PRAMOD','VIRAR',8000.00)
INSERT INTO BORROW VALUES(481,'KRANTI','NEHRU PLACE',3000.00)
---------------------------------------------------------------------------------------
---QUERY 2.1 
---SELECT OPERATION
--Q.1
SELECT*FROM DEPOSIT;
--Q.2
SELECT*FROM BORROW;
--Q.3
SELECT*FROM CUSTOMERS;
--Q.4
SELECT ACTNO,CNAME,AMOUNT FROM DEPOSIT;
--Q.5
SELECT LOANNO,AMOUNT FROM BORROW;
--Q.6
SELECT*FROM BORROW WHERE BNAME='ANDHERI';
--Q.7
SELECT ACTNO,AMOUNT FROM DEPOSIT WHERE ACTNO=106;
--Q.8
SELECT CNAME FROM BORROW WHERE AMOUNT>5000.00;
--Q.9
SELECT CNAME FROM DEPOSIT WHERE ADATE>1-12-96;
--Q.10
SELECT CNAME FROM DEPOSIT WHERE ACTNO<105;
--Q.11
SELECT CNAME FROM CUSTOMERS WHERE CITY='NAGPUR'OR CITY='DELHI';
--Q.12
SELECT CNAME,BNAME FROM DEPOSIT WHERE AMOUNT>4000.00 AND ACTNO<105;
--Q.13
SELECT CNAME FROM BORROW WHERE AMOUNT>=3000.00 AND AMOUNT<=8000.00;
-------------------------------------------------------------------------------------
---AND & BETWEEN OPERATION
--Q.14
SELECT CNAME FROM DEPOSIT WHERE BNAME!='ANDHERI';
--Q.15
SELECT CNAME FROM BORROW WHERE AMOUNT=NULL;
--Q.16
SELECT ACTNO,CNAME,AMOUNT FROM DEPOSIT WHERE BNAME='AJNI' OR BNAME='KAROLBAGH' OR BNAME='M.G.ROAD' AND ACTNO <=104;
--Q.17
SELECT TOP 5* FROM CUSTOMERS;
--Q.18
SELECT TOP 3*FROM DEPOSIT WHERE AMOUNT>1000;
--Q.19
SELECT TOP 5 LOANNO,CNAME FROM BORROW WHERE NOT BNAME='ANDHERI';
--Q.20
SELECT  DISTINCT CITY FROM CUSTOMERS;
--Q.21
SELECT DISTINCT BNAME FROM BRANCH;
--Q.22
SELECT *FROM CUSTOMERS ORDER BY CITY ASC;
--Q.23
SELECT*FROM DEPOSIT ORDER BY AMOUNT DESC;
--Q.24
SELECT*FROM CUSTOMERS ORDER BY CITY DESC;
--Q.25
 SELECT DISTINCT Cname [UNI_Borrowers] FROM Borrow;
 SELECT DISTINCT Cname AS UNI_Borrowers FROM Borrow;
-----------------------------------------------------------------------------------------------
---QUERY 2.2 
---UPDATE OPERATION
--Q.1
UPDATE DEPOSIT SET AMOUNT=5000 WHERE AMOUNT=3000;
SELECT*FROM DEPOSIT;
--Q.2
UPDATE BORROW SET BNAME='C.G.ROAD' WHERE CNAME='ANIL';
SELECT*FROM BORROW;
--Q.3
UPDATE DEPOSIT SET ACTNO=111,AMOUNT=5000 WHERE CNAME='SANDIP';
SELECT*FROM DEPOSIT;
--Q.4
UPDATE BORROW SET AMOUNT=AMOUNT+(AMOUNT*10/100);
SELECT*FROM BORROW;
--Q.5
UPDATE DEPOSIT SET AMOUNT=5000 WHERE ACTNO>103 AND ACTNO<107;
SELECT*FROM DEPOSIT;
--Q.6
UPDATE BORROW SET AMOUNT=NULL WHERE LOANNO=321;
SELECT*FROM BORROW;
--Q.7
UPDATE BORROW SET LOANNO=401,BNAME='AJNI' WHERE LOANNO=201 AND BNAME='VRCE';
SELECT*FROM BORROW;
--Q.8
UPDATE CUSTOMERS SET CNAME='ANIL JAIN' WHERE CNAME='ANIL';
SELECT*FROM CUSTOMERS;
--Q.9
UPDATE DEPOSIT SET CNAME='RAMESH',BNAME='VRCE',AMOUNT=5500 WHERE ACTNO=102;
SELECT*FROM DEPOSIT;
--Q.10
UPDATE BORROW SET BNAME=NULL,AMOUNT=NULL WHERE LOANNO=481 AND CNAME='KRANTI';
SELECT*FROM BORROW;
---------------------------------------------------------------------------------------------------------------
---QUERY 2.3 
---DELETE/DROP/TRUNCATE OPERATION
--Q.1
DELETE FROM CUSTOMERS WHERE CITY='BOMBAY';
--Q.2
DELETE FROM DEPOSIT WHERE AMOUNT<=1000;
--Q.3
DELETE FROM BORROW WHERE BNAME='AJNI';
--Q.4
DELETE FROM BORROW WHERE LOANNO>201 AND LOANNO<210;
--Q.5
DELETE FROM DEPOSIT WHERE ADATE>'1-12-96';
--Q.6
TRUNCATE TABLE CUSTOMERS;
SELECT*FROM CUSTOMERS;
--Q.7
DELETE FROM DEPOSIT WHERE CNAME='ANIL'AND ACTNO=101;
--Q.8
DELETE FROM DEPOSIT WHERE BNAME!='ANDHERI';
SELECT*FROM DEPOSIT;
--Q.9
DELETE FROM BORROW WHERE AMOUNT<2000 AND BNAME!='VRCE';
--Q.10
DROP TABLE BRANCH;










